[
  {
    "id": "29a290fc-26ed-4147-b5dc-99481a3955fa",
    "data": [
      {
        "text": "I don\u0027t understand",
        "userDefined": false
      }
    ],
    "isTemplate": false,
    "count": 0,
    "lang": "en",
    "updated": 0
  },
  {
    "id": "c9d4d22a-7b89-407f-b362-2402de7224aa",
    "data": [
      {
        "text": "Please guide me",
        "userDefined": false
      }
    ],
    "isTemplate": false,
    "count": 0,
    "lang": "en",
    "updated": 0
  },
  {
    "id": "025d9ec5-48a2-4287-b0b6-ebfc89b92463",
    "data": [
      {
        "text": "I need help",
        "userDefined": false
      }
    ],
    "isTemplate": false,
    "count": 0,
    "lang": "en",
    "updated": 0
  },
  {
    "id": "d934fce1-0831-416e-b7e6-119ad971bf17",
    "data": [
      {
        "text": "guide me",
        "userDefined": false
      }
    ],
    "isTemplate": false,
    "count": 0,
    "lang": "en",
    "updated": 0
  },
  {
    "id": "eb97ed5b-438f-4ae5-a1b4-b21bca85f883",
    "data": [
      {
        "text": "help me",
        "userDefined": false
      }
    ],
    "isTemplate": false,
    "count": 0,
    "lang": "en",
    "updated": 0
  },
  {
    "id": "a46adbb3-47b7-4f7b-ae22-5a4f5e10fce0",
    "data": [
      {
        "text": "help",
        "userDefined": false
      }
    ],
    "isTemplate": false,
    "count": 0,
    "lang": "en",
    "updated": 0
  }
]