[
  {
    "id": "d4f40b5a-3519-41de-acca-62f56c7d9b7a",
    "data": [
      {
        "text": "What is the inexpensive place to visit from ",
        "userDefined": false
      },
      {
        "text": "las vegas",
        "meta": "@sys.geo-city-us",
        "alias": "fromcity",
        "userDefined": false
      }
    ],
    "isTemplate": false,
    "count": 0,
    "lang": "en",
    "updated": 0
  },
  {
    "id": "45d3b1a2-72c6-495d-baa6-77be4a55fcf7",
    "data": [
      {
        "text": "Let me know any economical place to visit via ",
        "userDefined": false
      },
      {
        "text": "new york",
        "meta": "@sys.geo-city-us",
        "alias": "fromcity",
        "userDefined": false
      }
    ],
    "isTemplate": false,
    "count": 0,
    "lang": "en",
    "updated": 0
  },
  {
    "id": "5a281b0c-3a7a-4d6e-b20c-55e235356111",
    "data": [
      {
        "text": "Let me know the place to visit via ",
        "userDefined": false
      },
      {
        "text": "los angeles",
        "meta": "@sys.geo-city-us",
        "alias": "fromcity",
        "userDefined": false
      },
      {
        "text": " with least cost",
        "userDefined": false
      }
    ],
    "isTemplate": false,
    "count": 0,
    "lang": "en",
    "updated": 0
  },
  {
    "id": "5ec1f0fd-2ef4-49b1-adda-389b53c1c668",
    "data": [
      {
        "text": "Where can I go from ",
        "userDefined": false
      },
      {
        "text": "new york",
        "meta": "@sys.geo-city-us",
        "alias": "fromcity",
        "userDefined": false
      },
      {
        "text": " with minimum expenditure",
        "userDefined": false
      }
    ],
    "isTemplate": false,
    "count": 0,
    "lang": "en",
    "updated": 0
  },
  {
    "id": "3ccb7291-698f-494f-baac-5cd51d3c3c65",
    "data": [
      {
        "text": "Which is the best possible low budget destination I can go to from ",
        "userDefined": false
      },
      {
        "text": "san francisco",
        "meta": "@sys.geo-city-us",
        "alias": "fromcity",
        "userDefined": false
      }
    ],
    "isTemplate": false,
    "count": 0,
    "lang": "en",
    "updated": 0
  },
  {
    "id": "79f82aea-4660-4f34-a0b1-2c61de607c43",
    "data": [
      {
        "text": "I need a low-cost trip Plan it from ",
        "userDefined": false
      },
      {
        "text": "chicago",
        "meta": "@sys.geo-city-us",
        "alias": "fromcity",
        "userDefined": false
      }
    ],
    "isTemplate": false,
    "count": 0,
    "lang": "en",
    "updated": 0
  },
  {
    "id": "5070e649-9a1b-476b-ad87-1dcbea26b724",
    "data": [
      {
        "text": "When should I go for a family trip from ",
        "userDefined": false
      },
      {
        "text": "seattle",
        "meta": "@sys.geo-city-us",
        "alias": "fromcity",
        "userDefined": false
      },
      {
        "text": " I have low budget",
        "userDefined": false
      }
    ],
    "isTemplate": false,
    "count": 0,
    "lang": "en",
    "updated": 0
  },
  {
    "id": "e41c0bfa-0c11-4ba5-897a-065586c1f622",
    "data": [
      {
        "text": "Take me away from ",
        "userDefined": false
      },
      {
        "text": "las vegas",
        "meta": "@sys.geo-city-us",
        "alias": "fromcity",
        "userDefined": false
      },
      {
        "text": " on a inexpensive trip",
        "userDefined": false
      }
    ],
    "isTemplate": false,
    "count": 0,
    "lang": "en",
    "updated": 0
  },
  {
    "id": "1b89e2a3-da26-4164-aed2-6f7907ee3747",
    "data": [
      {
        "text": "Plan my vacation from ",
        "userDefined": false
      },
      {
        "text": "los angeles",
        "meta": "@sys.geo-city-us",
        "alias": "fromcity",
        "userDefined": false
      },
      {
        "text": " I need a economical trip",
        "userDefined": false
      }
    ],
    "isTemplate": false,
    "count": 0,
    "lang": "en",
    "updated": 0
  },
  {
    "id": "4dd0da7b-ed2e-4b6c-8164-7947f461fa21",
    "data": [
      {
        "text": "Where can I go on a low budget vacation from ",
        "userDefined": false
      },
      {
        "text": "new york",
        "meta": "@sys.geo-city-us",
        "alias": "fromcity",
        "userDefined": false
      }
    ],
    "isTemplate": false,
    "count": 0,
    "lang": "en",
    "updated": 0
  }
]