[
  {
    "id": "32ab553e-624a-4356-a094-c393a0ac6c65",
    "data": [
      {
        "text": "My name is ",
        "userDefined": false
      },
      {
        "text": "Ram Tagore",
        "meta": "@sys.person",
        "alias": "person",
        "userDefined": false
      }
    ],
    "isTemplate": false,
    "count": 0,
    "lang": "en",
    "updated": 0
  },
  {
    "id": "7bbe1c3c-9028-4db6-b94a-4b0ae144728f",
    "data": [
      {
        "text": "Abhishek Sharma",
        "meta": "@sys.person",
        "alias": "person",
        "userDefined": false
      }
    ],
    "isTemplate": false,
    "count": 0,
    "lang": "en",
    "updated": 0
  },
  {
    "id": "7500a9da-facd-4c4f-9ab4-9edec1783160",
    "data": [
      {
        "text": "Tina Roy",
        "meta": "@sys.person",
        "alias": "person",
        "userDefined": false
      }
    ],
    "isTemplate": false,
    "count": 0,
    "lang": "en",
    "updated": 0
  }
]