[
  {
    "id": "6f4cacb6-fc3b-4878-999d-4eae54c2efb9",
    "data": [
      {
        "text": "What are the places to visit from ",
        "userDefined": false
      },
      {
        "text": "new york",
        "meta": "@sys.geo-city-us",
        "alias": "fromcity",
        "userDefined": false
      }
    ],
    "isTemplate": false,
    "count": 0,
    "lang": "en",
    "updated": 0
  },
  {
    "id": "0649b312-1599-4424-84e9-3b8058102340",
    "data": [
      {
        "text": "Let me know any ",
        "userDefined": false
      },
      {
        "text": "four",
        "meta": "@sys.number",
        "alias": "number",
        "userDefined": false
      },
      {
        "text": " places to visit via ",
        "userDefined": false
      },
      {
        "text": "las vegas",
        "meta": "@sys.geo-city-us",
        "alias": "fromcity",
        "userDefined": false
      }
    ],
    "isTemplate": false,
    "count": 0,
    "lang": "en",
    "updated": 0
  },
  {
    "id": "dc682033-aae9-4733-b4ad-a2ad01600f38",
    "data": [
      {
        "text": "Let me know the places to visit via ",
        "userDefined": false
      },
      {
        "text": "los angeles",
        "meta": "@sys.geo-city-us",
        "alias": "fromcity",
        "userDefined": false
      }
    ],
    "isTemplate": false,
    "count": 0,
    "lang": "en",
    "updated": 0
  },
  {
    "id": "bad3d612-b757-417f-aefd-025a380b1393",
    "data": [
      {
        "text": "Where can I go from ",
        "userDefined": false
      },
      {
        "text": "san francisco",
        "meta": "@sys.geo-city-us",
        "alias": "fromcity",
        "userDefined": false
      }
    ],
    "isTemplate": false,
    "count": 0,
    "lang": "en",
    "updated": 0
  },
  {
    "id": "f44e3359-e754-4182-83e0-b7b5a5974c0f",
    "data": [
      {
        "text": "What are the possible destinations I can go to from ",
        "userDefined": false
      },
      {
        "text": "chicago",
        "meta": "@sys.geo-city-us",
        "alias": "fromcity",
        "userDefined": false
      }
    ],
    "isTemplate": false,
    "count": 0,
    "lang": "en",
    "updated": 0
  },
  {
    "id": "408167de-8d93-47cc-bd73-7e4edb6b01ff",
    "data": [
      {
        "text": "I need a ",
        "userDefined": false
      },
      {
        "text": "long",
        "meta": "@DurationAmount",
        "alias": "durationAmount",
        "userDefined": false
      },
      {
        "text": " trip Plan it from ",
        "userDefined": false
      },
      {
        "text": "boston",
        "meta": "@sys.geo-city-us",
        "alias": "fromcity",
        "userDefined": false
      }
    ],
    "isTemplate": false,
    "count": 0,
    "lang": "en",
    "updated": 0
  },
  {
    "id": "2857a1e1-d788-4cf1-8279-09447d9bef7f",
    "data": [
      {
        "text": "When should I go for a family trip from ",
        "userDefined": false
      },
      {
        "text": "seattle",
        "meta": "@sys.geo-city-us",
        "alias": "fromcity",
        "userDefined": false
      },
      {
        "text": " I have ",
        "userDefined": false
      },
      {
        "text": "2",
        "meta": "@sys.number",
        "alias": "number",
        "userDefined": false
      },
      {
        "text": " days of leave",
        "userDefined": false
      }
    ],
    "isTemplate": false,
    "count": 0,
    "lang": "en",
    "updated": 0
  },
  {
    "id": "a95036cb-907c-491e-a1bf-49cb89994d20",
    "data": [
      {
        "text": "Take me away from ",
        "userDefined": false
      },
      {
        "text": "las vegas",
        "meta": "@sys.geo-city-us",
        "alias": "fromcity",
        "userDefined": true
      },
      {
        "text": " on a ",
        "userDefined": false
      },
      {
        "text": "small",
        "meta": "@DurationAmount",
        "alias": "durationAmount",
        "userDefined": true
      },
      {
        "text": " trip",
        "userDefined": false
      }
    ],
    "isTemplate": false,
    "count": 0,
    "lang": "en",
    "updated": 0
  },
  {
    "id": "51f7c511-427f-459e-9c60-35d09cfb0f0c",
    "data": [
      {
        "text": "Plan my vacation from ",
        "userDefined": false
      },
      {
        "text": "los angeles",
        "meta": "@sys.geo-city-us",
        "alias": "fromcity",
        "userDefined": true
      },
      {
        "text": " I need a ",
        "userDefined": false
      },
      {
        "text": "two",
        "meta": "@sys.number",
        "alias": "number",
        "userDefined": true
      },
      {
        "text": " day trip",
        "userDefined": false
      }
    ],
    "isTemplate": false,
    "count": 0,
    "lang": "en",
    "updated": 0
  },
  {
    "id": "70f8ae6a-8a9b-489e-b647-1be1073521a2",
    "data": [
      {
        "text": "Where can I go on a vacation from ",
        "userDefined": false
      },
      {
        "text": "new york",
        "meta": "@sys.geo-city-us",
        "alias": "fromcity",
        "userDefined": false
      },
      {
        "text": " Tell me ",
        "userDefined": false
      },
      {
        "text": "three",
        "meta": "@sys.number",
        "alias": "number",
        "userDefined": false
      },
      {
        "text": " cities",
        "userDefined": false
      }
    ],
    "isTemplate": false,
    "count": 0,
    "lang": "en",
    "updated": 0
  }
]